{"spot_diameter_fullres": 177.48996, "tissue_hires_scalef": 0.048109304, "fiducial_diameter_fullres": 286.71454, "tissue_lowres_scalef": 0.014432792}