{"spot_diameter_fullres": 71.03721424115835, "tissue_hires_scalef": 0.20729685, "fiducial_diameter_fullres": 114.7524230049481, "tissue_lowres_scalef": 0.062189054}