{"spot_diameter_fullres": 71.03935326153908, "tissue_hires_scalef": 0.20729685, "fiducial_diameter_fullres": 114.75587834556312, "tissue_lowres_scalef": 0.062189054}